FechaEnvio,NumeroFacturaDeCargos,NumeroDePago,CargosTotales,Creditos,MontoDeEnvio,TotalDelEnvio,MontoDelDescuento,CuotasEIncentivos,MontoDePago,IdAfiliacion,Número de establecimiento que envía,SucursalQueEnvia,ConteoDeTransacciones,FechaPago,NombreSucursal,IVA,Descripcion,FechaTransaccion,NumeroDeMensualidades
2026-04-29,1490,31205653, 239.90, 0.00, 239.90, 239.90,( 2.64), 0.00, 236.84,7464542802,7464542802,,1,2026-05-05,BOLICHE,( 0.42),,2026-04-29,0
2026-04-29,1491,31205653," 6,803.00", 0.00," 6,803.00"," 6,803.00",( 74.83), 0.00," 6,716.20",7464542802,7464542802,,5,2026-05-05,BOLICHE,( 11.97),,2026-04-29,0
2026-04-28,114,31207036," 1,802.51", 0.00," 1,802.51"," 1,802.51",( 19.83), 0.00," 1,779.51",7469540645,7469540645,,1,2026-05-05,CHAMPOTON MALECON,( 3.17),,2026-04-29,0
2026-04-29,55,31207064," 1,754.17", 0.00," 1,754.17"," 1,754.17",( 19.30), 0.00," 1,731.78",7469546899,7469546899,,1,2026-05-05,PUERTO REAL,( 3.09),,2026-04-29,0
2026-04-28,76,41206317," 1,858.35", 0.00," 1,858.35"," 1,858.35",( 20.44), 0.00," 1,834.64",8487957920,8487957920,,1,2026-05-05,KANISTE,( 3.27),,2026-04-29,0
2026-04-28,121,41206318," 4,449.04", 0.00," 4,449.04"," 4,449.04",( 48.94), 0.00," 4,392.27",8487957953,8487957953,,3,2026-05-05,CHAMPOTON 2,( 7.83),,2026-04-29,0
2026-04-29,122,41206318," 1,109.43", 0.00," 1,109.43"," 1,109.43",( 12.20), 0.00," 1,095.28",8487957953,8487957953,,1,2026-05-05,CHAMPOTON 2,( 1.95),,2026-04-29,0
2026-04-28,116,41206333," 6,460.57", 0.00," 6,460.57"," 6,460.57",( 71.07), 0.00," 6,378.13",8488075888,8488075888,,7,2026-05-05,NOVIA DEL MAR,( 11.37),,2026-04-29,0
2026-04-29,117,41206333," 1,849.22", 0.00," 1,849.22"," 1,849.22",( 20.34), 0.00," 1,825.63",8488075888,8488075888,,1,2026-05-05,NOVIA DEL MAR,( 3.25),,2026-04-29,0
2026-04-29,118,41206333, 194.18, 0.00, 194.18, 194.18,( 2.14), 0.00, 191.70,8488075888,8488075888,,1,2026-05-05,NOVIA DEL MAR,( 0.34),,2026-04-29,0
2026-04-28,239,41206335, 497.92, 0.00, 497.92, 497.92,( 5.48), 0.00, 491.56,8488076035,8488076035,,1,2026-05-05,BENITO,( 0.88),,2026-04-29,0
2026-04-29,87,41206559," 3,867.20", 0.00," 3,867.20"," 3,867.20",( 42.54), 0.00," 3,817.85",8489189027,8489189027,,3,2026-05-05,AVENIDA CENTRAL,( 6.81),,2026-04-29,0
2026-04-28,41,41206560, 827.15, 0.00, 827.15, 827.15,( 9.10), 0.00, 816.59,8489189142,8489189142,,1,2026-05-05,CASA DE JUSTICIA,( 1.46),,2026-04-29,0
2026-04-29,4,41206566," 30,500.00", 0.00," 30,500.00"," 30,500.00",( 335.50), 0.00," 30,110.82",8489278820,8489278820,,2,2026-05-05,FRONTERA,( 53.68),,2026-04-29,0
2026-04-27,1487,31196732," 1,457.70", 0.00," 1,457.70"," 1,457.70",( 16.03), 0.00," 1,439.10",7464542802,7464542802,,2,2026-05-04,BOLICHE,( 2.57),,2026-04-28,0
2026-04-28,1488,31196732," 10,910.40", 0.00," 10,910.40"," 10,910.40",( 120.01), 0.00," 10,771.19",7464542802,7464542802,,10,2026-05-04,BOLICHE,( 19.20),,2026-04-28,0
2026-04-28,1489,31196732," 2,721.22", 0.00," 2,721.22"," 2,721.22",( 29.93), 0.00," 2,686.50",7464542802,7464542802,,2,2026-05-04,BOLICHE,( 4.79),,2026-04-29,0
2026-04-28,2,31196733," 1,160.07", 0.00," 1,160.07"," 1,160.07",( 12.76), 0.00," 1,145.27",7464542810,7464542810,,2,2026-05-04,POMUCH,( 2.04),,2026-04-28,0
2026-04-28,3,31196733," 1,198.83", 0.00," 1,198.83"," 1,198.83",( 13.19), 0.00," 1,183.53",7464542810,7464542810,,1,2026-05-04,POMUCH,( 2.11),,2026-04-28,0
2026-04-27,53,31198359," 1,779.24", 0.00," 1,779.24"," 1,779.24",( 19.57), 0.00," 1,756.54",7469546899,7469546899,,1,2026-05-04,PUERTO REAL,( 3.13),,2026-04-28,0
2026-04-28,54,31198359, 700.00, 0.00, 700.00, 700.00,( 7.70), 0.00, 691.07,7469546899,7469546899,,2,2026-05-04,PUERTO REAL,( 1.23),,2026-04-28,0
2026-04-27,75,51190027," 1,706.65", 0.00," 1,706.65"," 1,706.65",( 18.77), 0.00," 1,684.88",8487957920,8487957920,,1,2026-05-04,KANISTE,( 3.00),,2026-04-28,0
2026-04-28,119,51190028," 1,492.57", 0.00," 1,492.57"," 1,492.57",( 16.42), 0.00," 1,473.52",8487957953,8487957953,,1,2026-05-04,CHAMPOTON 2,( 2.63),,2026-04-28,0
2026-04-28,120,51190028," 4,449.94", 0.00," 4,449.94"," 4,449.94",( 48.95), 0.00," 4,393.16",8487957953,8487957953,,3,2026-05-04,CHAMPOTON 2,( 7.83),,2026-04-28,0
2026-04-27,46,51190029," 1,567.95", 0.00," 1,567.95"," 1,567.95",( 17.25), 0.00," 1,547.94",8487957995,8487957995,,1,2026-05-04,SABANCUY,( 2.76),,2026-04-28,0
2026-04-28,15,51190047, 700.00, 0.00, 700.00, 700.00,( 7.70), 0.00, 691.07,8488075847,8488075847,,1,2026-05-04,HEROES,( 1.23),,2026-04-28,0
2026-04-28,16,51190047, 500.00, 0.00, 500.00, 500.00,( 5.50), 0.00, 493.62,8488075847,8488075847,,1,2026-05-04,HEROES,( 0.88),,2026-04-29,0
2026-04-27,115,51190048, 959.60, 0.00, 959.60, 959.60,( 10.56), 0.00, 947.35,8488075888,8488075888,,1,2026-05-04,NOVIA DEL MAR,( 1.69),,2026-04-28,0
2026-04-28,238,51190050, 479.80, 0.00, 479.80, 479.80,( 5.28), 0.00, 473.68,8488076035,8488076035,,1,2026-05-04,BENITO,( 0.84),,2026-04-28,0
2026-04-28,52,51190287," 4,979.59", 0.00," 4,979.59"," 4,979.59",( 54.78), 0.00," 4,916.05",8489189068,8489189068,,3,2026-05-04,SUBTENIENTE,( 8.76),,2026-04-28,0
2026-04-28,53,51190287, 800.07, 0.00, 800.07, 800.07,( 8.80), 0.00, 789.86,8489189068,8489189068,,1,2026-05-04,SUBTENIENTE,( 1.41),,2026-04-29,0
2026-04-28,3,51190315," 4,868.10", 0.00," 4,868.10"," 4,868.10",( 53.55), 0.00," 4,805.98",8489278820,8489278820,,4,2026-05-04,FRONTERA,( 8.57),,2026-04-28,0
2026-04-27,1485,31185672, 500.00, 0.00, 500.00, 500.00,( 5.50), 0.00, 493.62,7464542802,7464542802,,1,2026-04-30,BOLICHE,( 0.88),,2026-04-27,0
2026-04-27,1486,31185672," 3,558.86", 0.00," 3,558.86"," 3,558.86",( 39.15), 0.00," 3,513.45",7464542802,7464542802,,3,2026-04-30,BOLICHE,( 6.26),,2026-04-27,0
2026-04-27,52,31187040, 500.00, 0.00, 500.00, 500.00,( 5.50), 0.00, 493.62,7469546899,7469546899,,1,2026-04-30,PUERTO REAL,( 0.88),,2026-04-27,0
2026-04-27,73,41186360, 277.00, 0.00, 277.00, 277.00,( 3.05), 0.00, 273.46,8487957920,8487957920,,1,2026-04-30,KANISTE,( 0.49),,2026-04-27,0
2026-04-27,74,41186360," 1,809.69", 0.00," 1,809.69"," 1,809.69",( 19.91), 0.00," 1,786.59",8487957920,8487957920,,2,2026-04-30,KANISTE,( 3.19),,2026-04-27,0
2026-04-26,118,41186361, 200.00, 0.00, 200.00, 200.00,( 2.20), 0.00, 197.45,8487957953,8487957953,,1,2026-04-30,CHAMPOTON 2,( 0.35),,2026-04-27,0
2026-04-27,45,41186362," 1,200.00", 0.00," 1,200.00"," 1,200.00",( 13.20), 0.00," 1,184.69",8487957995,8487957995,,1,2026-04-30,SABANCUY,( 2.11),,2026-04-27,0
2026-04-27,236,41186379," 1,969.70", 0.00," 1,969.70"," 1,969.70",( 21.67), 0.00," 1,944.56",8488076035,8488076035,,2,2026-04-30,BENITO,( 3.47),,2026-04-27,0
2026-04-27,237,41186379, 82.67, 0.00, 82.67, 82.67,( 0.91), 0.00, 81.61,8488076035,8488076035,,1,2026-04-30,BENITO,( 0.15),,2026-04-27,0
2026-04-27,86,41186577," 1,051.25", 0.00," 1,051.25"," 1,051.25",( 11.56), 0.00," 1,037.84",8489189027,8489189027,,1,2026-04-30,AVENIDA CENTRAL,( 1.85),,2026-04-27,0
2026-04-26,51,41186578," 1,172.99", 0.00," 1,172.99"," 1,172.99",( 12.90), 0.00," 1,158.03",8489189068,8489189068,,1,2026-04-30,SUBTENIENTE,( 2.06),,2026-04-27,0
2026-04-27,40,41186579," 4,756.68", 0.00," 4,756.68"," 4,756.68",( 52.32), 0.00," 4,695.99",8489189142,8489189142,,3,2026-04-30,CASA DE JUSTICIA,( 8.37),,2026-04-27,0
2026-04-23,1476,31177022," 4,747.10", 0.00," 4,747.10"," 4,747.10",( 52.22), 0.00," 4,686.53",7464542802,7464542802,,4,2026-04-29,BOLICHE,( 8.35),,2026-04-24,0
2026-04-24,1477,31177022, 150.00, 0.00, 150.00, 150.00,( 1.65), 0.00, 148.09,7464542802,7464542802,,1,2026-04-29,BOLICHE,( 0.26),,2026-04-24,0
2026-04-24,1478,31177022," 6,280.70", 0.00," 6,280.70"," 6,280.70",( 69.09), 0.00," 6,200.56",7464542802,7464542802,,5,2026-04-29,BOLICHE,( 11.05),,2026-04-24,0
2026-04-24,1479,31177022," 6,343.03", 0.00," 6,343.03"," 6,343.03",( 69.77), 0.00," 6,262.10",7464542802,7464542802,,6,2026-04-29,BOLICHE,( 11.16),,2026-04-25,0
2026-04-25,1480,31177022," 2,803.65", 0.00," 2,803.65"," 2,803.65",( 30.84), 0.00," 2,767.88",7464542802,7464542802,,3,2026-04-29,BOLICHE,( 4.93),,2026-04-25,0
2026-04-25,1481,31177022," 5,647.87", 0.00," 5,647.87"," 5,647.87",( 62.13), 0.00," 5,575.80",7464542802,7464542802,,4,2026-04-29,BOLICHE,( 9.94),,2026-04-26,0
2026-04-26,1482,31177022," 3,112.10", 0.00," 3,112.10"," 3,112.10",( 34.23), 0.00," 3,072.39",7464542802,7464542802,,5,2026-04-29,BOLICHE,( 5.48),,2026-04-26,0
2026-04-26,1483,31177022," 3,486.41", 0.00," 3,486.41"," 3,486.41",( 38.35), 0.00," 3,441.92",7464542802,7464542802,,3,2026-04-29,BOLICHE,( 6.14),,2026-04-26,0
2026-04-26,1484,31177022," 2,780.00", 0.00," 2,780.00"," 2,780.00",( 30.58), 0.00," 2,744.53",7464542802,7464542802,,3,2026-04-29,BOLICHE,( 4.89),,2026-04-27,0
2026-04-26,1,31177023," 1,000.00", 0.00," 1,000.00"," 1,000.00",( 11.00), 0.00, 987.24,7464542810,7464542810,,1,2026-04-29,POMUCH,( 1.76),,2026-04-26,0
2026-04-23,111,31178688, 960.03, 0.00, 960.03, 960.03,( 10.56), 0.00, 947.78,7469540645,7469540645,,1,2026-04-29,CHAMPOTON MALECON,( 1.69),,2026-04-24,0
2026-04-24,112,31178688, 404.66, 0.00, 404.66, 404.66,( 4.45), 0.00, 399.50,7469540645,7469540645,,1,2026-04-29,CHAMPOTON MALECON,( 0.71),,2026-04-25,0
2026-04-25,113,31178688," 1,486.94", 0.00," 1,486.94"," 1,486.94",( 16.36), 0.00," 1,467.96",7469540645,7469540645,,1,2026-04-29,CHAMPOTON MALECON,( 2.62),,2026-04-25,0
2026-04-23,51,31178714," 4,088.50", 0.00," 4,088.50"," 4,088.50",( 44.97), 0.00," 4,036.33",7469546899,7469546899,,3,2026-04-29,PUERTO REAL,( 7.20),,2026-04-24,0
2026-04-24,71,51170624, 95.96, 0.00, 95.96, 95.96,( 1.06), 0.00, 94.73,8487957920,8487957920,,1,2026-04-29,KANISTE,( 0.17),,2026-04-24,0
2026-04-25,72,51170624, 250.00, 0.00, 250.00, 250.00,( 2.75), 0.00, 246.81,8487957920,8487957920,,1,2026-04-29,KANISTE,( 0.44),,2026-04-26,0
2026-04-24,116,51170625," 1,214.37", 0.00," 1,214.37"," 1,214.37",( 13.36), 0.00," 1,198.87",8487957953,8487957953,,1,2026-04-29,CHAMPOTON 2,( 2.14),,2026-04-25,0
2026-04-25,117,51170625, 600.22, 0.00, 600.22, 600.22,( 6.60), 0.00, 592.56,8487957953,8487957953,,1,2026-04-29,CHAMPOTON 2,( 1.06),,2026-04-25,0
2026-04-23,110,51170652," 2,300.21", 0.00," 2,300.21"," 2,300.21",( 25.30), 0.00," 2,270.86",8488075888,8488075888,,4,2026-04-29,NOVIA DEL MAR,( 4.05),,2026-04-24,0
2026-04-24,111,51170652, 850.00, 0.00, 850.00, 850.00,( 9.35), 0.00, 839.15,8488075888,8488075888,,1,2026-04-29,NOVIA DEL MAR,( 1.50),,2026-04-24,0
2026-04-25,112,51170652, 746.66, 0.00, 746.66, 746.66,( 8.21), 0.00, 737.14,8488075888,8488075888,,1,2026-04-29,NOVIA DEL MAR,( 1.31),,2026-04-25,0
2026-04-25,113,51170652, 50.00, 0.00, 50.00, 50.00,( 0.55), 0.00, 49.36,8488075888,8488075888,,1,2026-04-29,NOVIA DEL MAR,( 0.09),,2026-04-26,0
2026-04-26,114,51170652," 4,653.15", 0.00," 4,653.15"," 4,653.15",( 51.18), 0.00," 4,593.78",8488075888,8488075888,,5,2026-04-29,NOVIA DEL MAR,( 8.19),,2026-04-26,0
2026-04-23,234,51170654, 829.80, 0.00, 829.80, 829.80,( 9.13), 0.00, 819.21,8488076035,8488076035,,2,2026-04-29,BENITO,( 1.46),,2026-04-24,0
2026-04-26,235,51170654, 624.00, 0.00, 624.00, 624.00,( 6.86), 0.00, 616.04,8488076035,8488076035,,2,2026-04-29,BENITO,( 1.10),,2026-04-26,0
2026-04-24,84,51170946, 180.00, 0.00, 180.00, 180.00,( 1.98), 0.00, 177.70,8489189027,8489189027,,1,2026-04-29,AVENIDA CENTRAL,( 0.32),,2026-04-25,0
2026-04-26,85,51170946," 1,393.76", 0.00," 1,393.76"," 1,393.76",( 15.33), 0.00," 1,375.98",8489189027,8489189027,,2,2026-04-29,AVENIDA CENTRAL,( 2.45),,2026-04-26,0
2026-04-23,48,51170947, 600.00, 0.00, 600.00, 600.00,( 6.60), 0.00, 592.34,8489189068,8489189068,,1,2026-04-29,SUBTENIENTE,( 1.06),,2026-04-24,0
2026-04-24,49,51170947," 1,420.04", 0.00," 1,420.04"," 1,420.04",( 15.62), 0.00," 1,401.92",8489189068,8489189068,,1,2026-04-29,SUBTENIENTE,( 2.50),,2026-04-24,0
2026-04-26,50,51170947," 7,831.81", 0.00," 7,831.81"," 7,831.81",( 86.15), 0.00," 7,731.88",8489189068,8489189068,,12,2026-04-29,SUBTENIENTE,( 13.78),,2026-04-26,0
2026-04-25,38,51170948," 1,841.04", 0.00," 1,841.04"," 1,841.04",( 20.25), 0.00," 1,817.55",8489189142,8489189142,,2,2026-04-29,CASA DE JUSTICIA,( 3.24),,2026-04-26,0
2026-04-26,39,51170948, 867.47, 0.00, 867.47, 867.47,( 9.54), 0.00, 856.40,8489189142,8489189142,,1,2026-04-29,CASA DE JUSTICIA,( 1.53),,2026-04-26,0
2026-04-24,1,51170986," 1,598.75", 0.00," 1,598.75"," 1,598.75",( 17.59), 0.00," 1,578.35",8489278820,8489278820,,1,2026-04-29,FRONTERA,( 2.81),,2026-04-25,0
2026-04-25,2,51170986," 1,200.46", 0.00," 1,200.46"," 1,200.46",( 13.21), 0.00," 1,185.14",8489278820,8489278820,,1,2026-04-29,FRONTERA,( 2.11),,2026-04-25,0
2026-04-22,1473,31145902," 5,280.79", 0.00," 5,280.79"," 5,280.79",( 58.09), 0.00," 5,213.41",7464542802,7464542802,,7,2026-04-28,BOLICHE,( 9.29),,2026-04-23,0
2026-04-23,1474,31145902," 3,935.13", 0.00," 3,935.13"," 3,935.13",( 43.29), 0.00," 3,884.91",7464542802,7464542802,,4,2026-04-28,BOLICHE,( 6.93),,2026-04-23,0
2026-04-23,1475,31145902," 5,920.91", 0.00," 5,920.91"," 5,920.91",( 65.13), 0.00," 5,845.36",7464542802,7464542802,,6,2026-04-28,BOLICHE,( 10.42),,2026-04-23,0
2026-04-22,110,31147306," 3,737.41", 0.00," 3,737.41"," 3,737.41",( 41.11), 0.00," 3,689.72",7469540645,7469540645,,2,2026-04-28,CHAMPOTON MALECON,( 6.58),,2026-04-23,0
2026-04-22,70,41146599, 500.00, 0.00, 500.00, 500.00,( 5.50), 0.00, 493.62,8487957920,8487957920,,1,2026-04-28,KANISTE,( 0.88),,2026-04-23,0
2026-04-22,115,41146600, 719.70, 0.00, 719.70, 719.70,( 7.92), 0.00, 710.51,8487957953,8487957953,,1,2026-04-28,CHAMPOTON 2,( 1.27),,2026-04-23,0
2026-04-22,108,41146624," 4,774.59", 0.00," 4,774.59"," 4,774.59",( 52.52), 0.00," 4,713.67",8488075888,8488075888,,4,2026-04-28,NOVIA DEL MAR,( 8.40),,2026-04-23,0
2026-04-23,109,41146624," 7,806.86", 0.00," 7,806.86"," 7,806.86",( 85.88), 0.00," 7,707.24",8488075888,8488075888,,6,2026-04-28,NOVIA DEL MAR,( 13.74),,2026-04-23,0
2026-04-23,111,41146626," 1,838.87", 0.00," 1,838.87"," 1,838.87",( 20.23), 0.00," 1,815.40",8488075995,8488075995,,1,2026-04-28,CHETUMAL PLAZA,( 3.24),,2026-04-24,0
2026-04-23,233,41146627, 500.00, 0.00, 500.00, 500.00,( 5.50), 0.00, 493.62,8488076035,8488076035,,1,2026-04-28,BENITO,( 0.88),,2026-04-23,0
2026-04-23,83,41146847," 1,418.98", 0.00," 1,418.98"," 1,418.98",( 15.61), 0.00," 1,400.87",8489189027,8489189027,,1,2026-04-28,AVENIDA CENTRAL,( 2.50),,2026-04-23,0
2026-04-22,47,41146848," 3,635.48", 0.00," 3,635.48"," 3,635.48",( 39.99), 0.00," 3,589.09",8489189068,8489189068,,5,2026-04-28,SUBTENIENTE,( 6.40),,2026-04-23,0
2026-04-22,1471,31136850," 2,250.95", 0.00," 2,250.95"," 2,250.95",( 24.76), 0.00," 2,222.23",7464542802,7464542802,,1,2026-04-27,BOLICHE,( 3.96),,2026-04-22,0
2026-04-22,1472,31136850," 10,348.73", 0.00," 10,348.73"," 10,348.73",( 113.84), 0.00," 10,216.68",7464542802,7464542802,,9,2026-04-27,BOLICHE,( 18.21),,2026-04-22,0
2026-04-21,50,31138485," 4,456.01", 0.00," 4,456.01"," 4,456.01",( 49.02), 0.00," 4,399.15",7469546899,7469546899,,2,2026-04-27,PUERTO REAL,( 7.84),,2026-04-22,0
2026-04-21,68,51130024, 599.75, 0.00, 599.75, 599.75,( 6.60), 0.00, 592.09,8487957920,8487957920,,1,2026-04-27,KANISTE,( 1.06),,2026-04-22,0
2026-04-22,69,51130024," 1,298.12", 0.00," 1,298.12"," 1,298.12",( 14.28), 0.00," 1,281.56",8487957920,8487957920,,1,2026-04-27,KANISTE,( 2.28),,2026-04-22,0
2026-04-21,107,51130040," 1,027.73", 0.00," 1,027.73"," 1,027.73",( 11.31), 0.00," 1,014.61",8488075888,8488075888,,2,2026-04-27,NOVIA DEL MAR,( 1.81),,2026-04-22,0
2026-04-22,231,51130042," 1,009.64", 0.00," 1,009.64"," 1,009.64",( 11.11), 0.00, 996.75,8488076035,8488076035,,1,2026-04-27,BENITO,( 1.78),,2026-04-22,0
2026-04-22,232,51130042," 2,123.47", 0.00," 2,123.47"," 2,123.47",( 23.36), 0.00," 2,096.37",8488076035,8488076035,,2,2026-04-27,BENITO,( 3.74),,2026-04-22,0
2026-04-22,82,51130282," 1,300.00", 0.00," 1,300.00"," 1,300.00",( 14.30), 0.00," 1,283.41",8489189027,8489189027,,2,2026-04-27,AVENIDA CENTRAL,( 2.29),,2026-04-22,0
2026-04-21,37,51130283, 858.81, 0.00, 858.81, 858.81,( 9.45), 0.00, 847.85,8489189142,8489189142,,1,2026-04-27,CASA DE JUSTICIA,( 1.51),,2026-04-22,0
2026-04-22,136,51130305, 900.19, 0.00, 900.19, 900.19,( 9.90), 0.00, 888.71,8489278671,8489278671,,1,2026-04-27,KIN HA,( 1.58),,2026-04-22,0
2026-04-21,369,51130306," 5,383.83", 0.00," 5,383.83"," 5,383.83",( 59.22), 0.00," 5,315.13",8489278820,8489278820,,2,2026-04-27,FRONTERA,( 9.48),,2026-04-22,0
2026-04-21,1469,31125935," 8,387.61", 0.00," 8,387.61"," 8,387.61",( 92.26), 0.00," 8,280.59",7464542802,7464542802,,8,2026-04-24,BOLICHE,( 14.76),,2026-04-21,0
2026-04-21,1470,31125935," 2,697.27", 0.00," 2,697.27"," 2,697.27",( 29.67), 0.00," 2,662.85",7464542802,7464542802,,3,2026-04-24,BOLICHE,( 4.75),,2026-04-22,0
2026-04-20,66,41126698," 1,451.80", 0.00," 1,451.80"," 1,451.80",( 15.97), 0.00," 1,433.27",8487957920,8487957920,,1,2026-04-24,KANISTE,( 2.56),,2026-04-21,0
2026-04-21,67,41126698, 500.00, 0.00, 500.00, 500.00,( 5.50), 0.00, 493.62,8487957920,8487957920,,1,2026-04-24,KANISTE,( 0.88),,2026-04-21,0
2026-04-21,106,41126715, 500.00, 0.00, 500.00, 500.00,( 5.50), 0.00, 493.62,8488075888,8488075888,,1,2026-04-24,NOVIA DEL MAR,( 0.88),,2026-04-21,0
2026-04-21,36,41126925," 2,643.13", 0.00," 2,643.13"," 2,643.13",( 29.07), 0.00," 2,609.41",8489189142,8489189142,,1,2026-04-24,CASA DE JUSTICIA,( 4.65),,2026-04-21,0
2026-04-21,368,41126945," 30,000.00", 0.00," 30,000.00"," 30,000.00",( 330.00), 0.00," 29,617.20",8489278820,8489278820,,1,2026-04-24,FRONTERA,( 52.80),,2026-04-21,0
2026-04-20,1467,31115901," 14,374.47", 0.00," 14,374.47"," 14,374.47",( 158.12), 0.00," 14,191.05",7464542802,7464542802,,13,2026-04-23,BOLICHE,( 25.30),,2026-04-20,0
2026-04-20,1468,31115901," 2,801.11", 0.00," 2,801.11"," 2,801.11",( 30.81), 0.00," 2,765.37",7464542802,7464542802,,4,2026-04-23,BOLICHE,( 4.93),,2026-04-21,0
2026-04-20,49,31117328," 2,049.98", 0.00," 2,049.98"," 2,049.98",( 22.55), 0.00," 2,023.82",7469546899,7469546899,,1,2026-04-23,PUERTO REAL,( 3.61),,2026-04-20,0
2026-04-19,64,41116741," 1,608.02", 0.00," 1,608.02"," 1,608.02",( 17.69), 0.00," 1,587.50",8487957920,8487957920,,2,2026-04-23,KANISTE,( 2.83),,2026-04-20,0
2026-04-20,65,41116741," 2,755.57", 0.00," 2,755.57"," 2,755.57",( 30.31), 0.00," 2,720.41",8487957920,8487957920,,2,2026-04-23,KANISTE,( 4.85),,2026-04-20,0
2026-04-19,114,41116742," 1,177.31", 0.00," 1,177.31"," 1,177.31",( 12.95), 0.00," 1,162.29",8487957953,8487957953,,1,2026-04-23,CHAMPOTON 2,( 2.07),,2026-04-20,0
2026-04-19,104,41116760," 2,270.11", 0.00," 2,270.11"," 2,270.11",( 24.97), 0.00," 2,241.14",8488075888,8488075888,,2,2026-04-23,NOVIA DEL MAR,( 4.00),,2026-04-20,0
2026-04-20,105,41116760, 600.00, 0.00, 600.00, 600.00,( 6.60), 0.00, 592.34,8488075888,8488075888,,1,2026-04-23,NOVIA DEL MAR,( 1.06),,2026-04-20,0
2026-04-20,110,41116762," 1,508.02", 0.00," 1,508.02"," 1,508.02",( 16.59), 0.00," 1,488.78",8488075995,8488075995,,3,2026-04-23,CHETUMAL PLAZA,( 2.65),,2026-04-20,0
2026-04-20,230,41116763, 637.44, 0.00, 637.44, 637.44,( 7.01), 0.00, 629.31,8488076035,8488076035,,1,2026-04-23,BENITO,( 1.12),,2026-04-20,0
2026-04-19,81,41116964," 1,780.30", 0.00," 1,780.30"," 1,780.30",( 19.58), 0.00," 1,757.59",8489189027,8489189027,,2,2026-04-23,AVENIDA CENTRAL,( 3.13),,2026-04-20,0
2026-04-20,35,41116965, 939.08, 0.00, 939.08, 939.08,( 10.33), 0.00, 927.10,8489189142,8489189142,,1,2026-04-23,CASA DE JUSTICIA,( 1.65),,2026-04-20,0
2026-04-20,367,41116988," 1,669.50", 0.00," 1,669.50"," 1,669.50",( 18.36), 0.00," 1,648.20",8489278820,8489278820,,2,2026-04-23,FRONTERA,( 2.94),,2026-04-20,0
2026-04-17,1459,31107354," 1,293.08", 0.00," 1,293.08"," 1,293.08",( 14.22), 0.00," 1,276.58",7464542802,7464542802,,1,2026-04-22,BOLICHE,( 2.28),,2026-04-17,0
2026-04-17,1460,31107354," 6,152.03", 0.00," 6,152.03"," 6,152.03",( 67.67), 0.00," 6,073.53",7464542802,7464542802,,6,2026-04-22,BOLICHE,( 10.83),,2026-04-17,0
2026-04-17,1461,31107354," 6,753.02", 0.00," 6,753.02"," 6,753.02",( 74.28), 0.00," 6,666.85",7464542802,7464542802,,7,2026-04-22,BOLICHE,( 11.89),,2026-04-18,0
2026-04-18,1462,31107354," 9,557.97", 0.00," 9,557.97"," 9,557.97",( 105.14), 0.00," 9,436.01",7464542802,7464542802,,8,2026-04-22,BOLICHE,( 16.82),,2026-04-18,0
2026-04-18,1463,31107354," 1,151.18", 0.00," 1,151.18"," 1,151.18",( 12.66), 0.00," 1,136.49",7464542802,7464542802,,1,2026-04-22,BOLICHE,( 2.03),,2026-04-19,0
2026-04-19,1464,31107354," 2,744.25", 0.00," 2,744.25"," 2,744.25",( 30.19), 0.00," 2,709.23",7464542802,7464542802,,2,2026-04-22,BOLICHE,( 4.83),,2026-04-19,0
2026-04-19,1465,31107354, 600.00, 0.00, 600.00, 600.00,( 6.60), 0.00, 592.34,7464542802,7464542802,,1,2026-04-22,BOLICHE,( 1.06),,2026-04-19,0
2026-04-19,1466,31107354," 1,205.31", 0.00," 1,205.31"," 1,205.31",( 13.26), 0.00," 1,189.93",7464542802,7464542802,,1,2026-04-22,BOLICHE,( 2.12),,2026-04-20,0
2026-04-18,109,31109138," 1,535.36", 0.00," 1,535.36"," 1,535.36",( 16.89), 0.00," 1,515.77",7469540645,7469540645,,1,2026-04-22,CHAMPOTON MALECON,( 2.70),,2026-04-19,0
2026-04-17,47,31109165," 2,757.87", 0.00," 2,757.87"," 2,757.87",( 30.34), 0.00," 2,722.68",7469546899,7469546899,,2,2026-04-22,PUERTO REAL,( 4.85),,2026-04-17,0
2026-04-18,48,31109165," 2,607.83", 0.00," 2,607.83"," 2,607.83",( 28.69), 0.00," 2,574.55",7469546899,7469546899,,2,2026-04-22,PUERTO REAL,( 4.59),,2026-04-18,0
2026-04-16,61,51101211," 1,245.98", 0.00," 1,245.98"," 1,245.98",( 13.71), 0.00," 1,230.08",8487957920,8487957920,,1,2026-04-22,KANISTE,( 2.19),,2026-04-17,0
2026-04-17,62,51101211, 853.70, 0.00, 853.70, 853.70,( 9.39), 0.00, 842.81,8487957920,8487957920,,1,2026-04-22,KANISTE,( 1.50),,2026-04-17,0
2026-04-18,63,51101211," 1,097.14", 0.00," 1,097.14"," 1,097.14",( 12.07), 0.00," 1,083.14",8487957920,8487957920,,1,2026-04-22,KANISTE,( 1.93),,2026-04-18,0
2026-04-16,98,51101246," 2,348.47", 0.00," 2,348.47"," 2,348.47",( 25.83), 0.00," 2,318.51",8488075888,8488075888,,2,2026-04-22,NOVIA DEL MAR,( 4.13),,2026-04-17,0
2026-04-17,99,51101246, 419.27, 0.00, 419.27, 419.27,( 4.61), 0.00, 413.92,8488075888,8488075888,,1,2026-04-22,NOVIA DEL MAR,( 0.74),,2026-04-17,0
2026-04-17,100,51101246," 2,205.63", 0.00," 2,205.63"," 2,205.63",( 24.26), 0.00," 2,177.49",8488075888,8488075888,,4,2026-04-22,NOVIA DEL MAR,( 3.88),,2026-04-18,0
2026-04-18,101,51101246, 300.00, 0.00, 300.00, 300.00,( 3.30), 0.00, 296.17,8488075888,8488075888,,1,2026-04-22,NOVIA DEL MAR,( 0.53),,2026-04-18,0
2026-04-18,102,51101246," 1,226.73", 0.00," 1,226.73"," 1,226.73",( 13.49), 0.00," 1,211.08",8488075888,8488075888,,1,2026-04-22,NOVIA DEL MAR,( 2.16),,2026-04-19,0
2026-04-19,103,51101246," 1,103.60", 0.00," 1,103.60"," 1,103.60",( 12.14), 0.00," 1,089.52",8488075888,8488075888,,1,2026-04-22,NOVIA DEL MAR,( 1.94),,2026-04-19,0
2026-04-16,228,51101248," 1,000.00", 0.00," 1,000.00"," 1,000.00",( 11.00), 0.00, 987.24,8488076035,8488076035,,1,2026-04-22,BENITO,( 1.76),,2026-04-17,0
2026-04-19,229,51101248, 551.80, 0.00, 551.80, 551.80,( 6.07), 0.00, 544.76,8488076035,8488076035,,1,2026-04-22,BENITO,( 0.97),,2026-04-19,0
2026-04-18,46,51101533," 1,000.00", 0.00," 1,000.00"," 1,000.00",( 11.00), 0.00, 987.24,8489189068,8489189068,,1,2026-04-22,SUBTENIENTE,( 1.76),,2026-04-18,0
2026-04-17,33,51101534, 300.00, 0.00, 300.00, 300.00,( 3.30), 0.00, 296.17,8489189142,8489189142,,1,2026-04-22,CASA DE JUSTICIA,( 0.53),,2026-04-17,0
2026-04-18,34,51101534, 800.00, 0.00, 800.00, 800.00,( 8.80), 0.00, 789.79,8489189142,8489189142,,1,2026-04-22,CASA DE JUSTICIA,( 1.41),,2026-04-18,0
2026-04-19,135,51101566," 3,801.46", 0.00," 3,801.46"," 3,801.46",( 41.82), 0.00," 3,752.95",8489278671,8489278671,,4,2026-04-22,KIN HA,( 6.69),,2026-04-19,0
2026-04-16,363,51101567, 714.75, 0.00, 714.75, 714.75,( 7.86), 0.00, 705.63,8489278820,8489278820,,1,2026-04-22,FRONTERA,( 1.26),,2026-04-17,0
2026-04-17,364,51101567," 1,355.24", 0.00," 1,355.24"," 1,355.24",( 14.91), 0.00," 1,337.94",8489278820,8489278820,,1,2026-04-22,FRONTERA,( 2.39),,2026-04-17,0
2026-04-18,365,51101567," 2,589.22", 0.00," 2,589.22"," 2,589.22",( 28.48), 0.00," 2,556.18",8489278820,8489278820,,1,2026-04-22,FRONTERA,( 4.56),,2026-04-18,0
2026-04-19,366,51101567," 2,999.83", 0.00," 2,999.83"," 2,999.83",( 33.00), 0.00," 2,961.55",8489278820,8489278820,,1,2026-04-22,FRONTERA,( 5.28),,2026-04-19,0
2026-04-16,1457,31076051," 10,048.05", 0.00," 10,048.05"," 10,048.05",( 110.53), 0.00," 9,919.84",7464542802,7464542802,,8,2026-04-21,BOLICHE,( 17.68),,2026-04-16,0
2026-04-16,1458,31076051," 8,952.82", 0.00," 8,952.82"," 8,952.82",( 98.48), 0.00," 8,838.58",7464542802,7464542802,,10,2026-04-21,BOLICHE,( 15.76),,2026-04-17,0
2026-04-16,108,31077502, 200.00, 0.00, 200.00, 200.00,( 2.20), 0.00, 197.45,7469540645,7469540645,,1,2026-04-21,CHAMPOTON MALECON,( 0.35),,2026-04-16,0
2026-04-15,59,41077095," 2,069.24", 0.00," 2,069.24"," 2,069.24",( 22.76), 0.00," 2,042.84",8487957920,8487957920,,2,2026-04-21,KANISTE,( 3.64),,2026-04-16,0
2026-04-16,60,41077095, 300.00, 0.00, 300.00, 300.00,( 3.30), 0.00, 296.17,8487957920,8487957920,,1,2026-04-21,KANISTE,( 0.53),,2026-04-16,0
2026-04-16,14,41077107," 1,476.93", 0.00," 1,476.93"," 1,476.93",( 16.25), 0.00," 1,458.08",8488075847,8488075847,,1,2026-04-21,HEROES,( 2.60),,2026-04-16,0
2026-04-15,96,41077108," 2,136.95", 0.00," 2,136.95"," 2,136.95",( 23.51), 0.00," 2,109.68",8488075888,8488075888,,2,2026-04-21,NOVIA DEL MAR,( 3.76),,2026-04-16,0
2026-04-16,97,41077108," 3,126.00", 0.00," 3,126.00"," 3,126.00",( 34.39), 0.00," 3,086.11",8488075888,8488075888,,4,2026-04-21,NOVIA DEL MAR,( 5.50),,2026-04-16,0
2026-04-15,227,41077110," 1,000.00", 0.00," 1,000.00"," 1,000.00",( 11.00), 0.00, 987.24,8488076035,8488076035,,1,2026-04-21,BENITO,( 1.76),,2026-04-16,0
2026-04-16,45,41077326," 2,301.53", 0.00," 2,301.53"," 2,301.53",( 25.32), 0.00," 2,272.16",8489189068,8489189068,,1,2026-04-21,SUBTENIENTE,( 4.05),,2026-04-17,0
2026-04-15,362,41077338," 49,625.58", 0.00," 49,625.58"," 49,625.58",( 545.88), 0.00," 48,992.36",8489278820,8489278820,,1,2026-04-21,FRONTERA,( 87.34),,2026-04-16,0
2026-04-14,1454,31066980," 6,007.74", 0.00," 6,007.74"," 6,007.74",( 66.09), 0.00," 5,931.08",7464542802,7464542802,,8,2026-04-20,BOLICHE,( 10.57),,2026-04-15,0
2026-04-15,1455,31066980," 3,074.13", 0.00," 3,074.13"," 3,074.13",( 33.82), 0.00," 3,034.90",7464542802,7464542802,,3,2026-04-20,BOLICHE,( 5.41),,2026-04-15,0
2026-04-15,1456,31066980," 7,494.81", 0.00," 7,494.81"," 7,494.81",( 82.44), 0.00," 7,399.18",7464542802,7464542802,,8,2026-04-20,BOLICHE,( 13.19),,2026-04-16,0
2026-04-15,107,31068651, 932.56, 0.00, 932.56, 932.56,( 10.26), 0.00, 920.66,7469540645,7469540645,,1,2026-04-20,CHAMPOTON MALECON,( 1.64),,2026-04-15,0
2026-04-15,46,31068676, 893.75, 0.00, 893.75, 893.75,( 9.83), 0.00, 882.35,7469546899,7469546899,,1,2026-04-20,PUERTO REAL,( 1.57),,2026-04-15,0
2026-04-14,58,51060165, 200.00, 0.00, 200.00, 200.00,( 2.20), 0.00, 197.45,8487957920,8487957920,,1,2026-04-20,KANISTE,( 0.35),,2026-04-15,0
2026-04-14,113,51060166," 2,500.18", 0.00," 2,500.18"," 2,500.18",( 27.50), 0.00," 2,468.28",8487957953,8487957953,,1,2026-04-20,CHAMPOTON 2,( 4.40),,2026-04-15,0
2026-04-14,94,51060179," 3,327.19", 0.00," 3,327.19"," 3,327.19",( 36.60), 0.00," 3,284.73",8488075888,8488075888,,2,2026-04-20,NOVIA DEL MAR,( 5.86),,2026-04-15,0
2026-04-15,95,51060179," 2,023.72", 0.00," 2,023.72"," 2,023.72",( 22.26), 0.00," 1,997.90",8488075888,8488075888,,2,2026-04-20,NOVIA DEL MAR,( 3.56),,2026-04-15,0
2026-04-14,226,51060181, 486.06, 0.00, 486.06, 486.06,( 5.35), 0.00, 479.85,8488076035,8488076035,,1,2026-04-20,BENITO,( 0.86),,2026-04-15,0
2026-04-15,80,51060429," 1,250.50", 0.00," 1,250.50"," 1,250.50",( 13.76), 0.00," 1,234.54",8489189027,8489189027,,1,2026-04-20,AVENIDA CENTRAL,( 2.20),,2026-04-16,0
2026-04-15,44,51060430, 181.46, 0.00, 181.46, 181.46,( 2.00), 0.00, 179.14,8489189068,8489189068,,1,2026-04-20,SUBTENIENTE,( 0.32),,2026-04-16,0
2026-04-15,32,51060431, 300.00, 0.00, 300.00, 300.00,( 3.30), 0.00, 296.17,8489189142,8489189142,,1,2026-04-20,CASA DE JUSTICIA,( 0.53),,2026-04-15,0
2026-04-14,361,51060449, 500.00, 0.00, 500.00, 500.00,( 5.50), 0.00, 493.62,8489278820,8489278820,,1,2026-04-20,FRONTERA,( 0.88),,2026-04-15,0
2026-04-14,1453,31056272," 4,789.96", 0.00," 4,789.96"," 4,789.96",( 52.69), 0.00," 4,728.84",7464542802,7464542802,,4,2026-04-17,BOLICHE,( 8.43),,2026-04-14,0
2026-04-13,105,31057810, 500.00, 0.00, 500.00, 500.00,( 5.50), 0.00, 493.62,7469540645,7469540645,,1,2026-04-17,CHAMPOTON MALECON,( 0.88),,2026-04-14,0
2026-04-14,106,31057810, 980.30, 0.00, 980.30, 980.30,( 10.78), 0.00, 967.79,7469540645,7469540645,,1,2026-04-17,CHAMPOTON MALECON,( 1.73),,2026-04-14,0
2026-04-13,13,41057557," 1,151.24", 0.00," 1,151.24"," 1,151.24",( 12.66), 0.00," 1,136.55",8488075847,8488075847,,1,2026-04-17,HEROES,( 2.03),,2026-04-14,0
2026-04-14,92,41057558, 959.60, 0.00, 959.60, 959.60,( 10.56), 0.00, 947.35,8488075888,8488075888,,1,2026-04-17,NOVIA DEL MAR,( 1.69),,2026-04-14,0
2026-04-14,93,41057558, 337.38, 0.00, 337.38, 337.38,( 3.71), 0.00, 333.08,8488075888,8488075888,,3,2026-04-17,NOVIA DEL MAR,( 0.59),,2026-04-14,0
2026-04-13,13,41057559, 444.60, 0.00, 444.60, 444.60,( 4.89), 0.00, 438.93,8488075961,8488075961,,1,2026-04-17,ESCARGECA,( 0.78),,2026-04-14,0
2026-04-14,109,41057561," 1,000.00", 0.00," 1,000.00"," 1,000.00",( 11.00), 0.00, 987.24,8488075995,8488075995,,1,2026-04-17,CHETUMAL PLAZA,( 1.76),,2026-04-15,0
2026-04-14,225,41057562," 1,071.80", 0.00," 1,071.80"," 1,071.80",( 11.79), 0.00," 1,058.12",8488076035,8488076035,,2,2026-04-17,BENITO,( 1.89),,2026-04-14,0
2026-04-14,43,41057786, 300.00, 0.00, 300.00, 300.00,( 3.30), 0.00, 296.17,8489189068,8489189068,,1,2026-04-17,SUBTENIENTE,( 0.53),,2026-04-15,0
2026-04-14,360,41057805, 600.00, 0.00, 600.00, 600.00,( 6.60), 0.00, 592.34,8489278820,8489278820,,1,2026-04-17,FRONTERA,( 1.06),,2026-04-14,0
2026-04-13,1449,31046062, 563.79, 0.00, 563.79, 563.79,( 6.20), 0.00, 556.60,7464542802,7464542802,,1,2026-04-16,BOLICHE,( 0.99),,2026-04-13,0
2026-04-13,1450,31046062, 300.00, 0.00, 300.00, 300.00,( 3.30), 0.00, 296.17,7464542802,7464542802,,1,2026-04-16,BOLICHE,( 0.53),,2026-04-13,0
2026-04-13,1451,31046062," 11,638.76", 0.00," 11,638.76"," 11,638.76",( 128.03), 0.00," 11,490.25",7464542802,7464542802,,9,2026-04-16,BOLICHE,( 20.48),,2026-04-13,0
2026-04-13,1452,31046062," 4,383.60", 0.00," 4,383.60"," 4,383.60",( 48.22), 0.00," 4,327.66",7464542802,7464542802,,4,2026-04-16,BOLICHE,( 7.72),,2026-04-14,0
2026-04-12,57,41047064," 1,485.72", 0.00," 1,485.72"," 1,485.72",( 16.34), 0.00," 1,466.77",8487957920,8487957920,,1,2026-04-16,KANISTE,( 2.61),,2026-04-13,0
2026-04-13,112,41047065," 3,194.22", 0.00," 3,194.22"," 3,194.22",( 35.14), 0.00," 3,153.46",8487957953,8487957953,,2,2026-04-16,CHAMPOTON 2,( 5.62),,2026-04-13,0
2026-04-12,90,41047079," 1,927.70", 0.00," 1,927.70"," 1,927.70",( 21.20), 0.00," 1,903.11",8488075888,8488075888,,3,2026-04-16,NOVIA DEL MAR,( 3.39),,2026-04-13,0
2026-04-13,91,41047079," 1,035.53", 0.00," 1,035.53"," 1,035.53",( 11.39), 0.00," 1,022.32",8488075888,8488075888,,1,2026-04-16,NOVIA DEL MAR,( 1.82),,2026-04-13,0
2026-04-12,108,41047081, 979.03, 0.00, 979.03, 979.03,( 10.77), 0.00, 966.54,8488075995,8488075995,,2,2026-04-16,CHETUMAL PLAZA,( 1.72),,2026-04-13,0
2026-04-13,224,41047082, 973.23, 0.00, 973.23, 973.23,( 10.71), 0.00, 960.81,8488076035,8488076035,,1,2026-04-16,BENITO,( 1.71),,2026-04-13,0
2026-04-13,42,41047293, 146.20, 0.00, 146.20, 146.20,( 1.61), 0.00, 144.33,8489189068,8489189068,,1,2026-04-16,SUBTENIENTE,( 0.26),,2026-04-13,0
2026-04-12,358,41047317, 350.97, 0.00, 350.97, 350.97,( 3.86), 0.00, 346.49,8489278820,8489278820,,1,2026-04-16,FRONTERA,( 0.62),,2026-04-13,0
2026-04-13,359,41047317," 1,295.70", 0.00," 1,295.70"," 1,295.70",( 14.25), 0.00," 1,279.17",8489278820,8489278820,,1,2026-04-16,FRONTERA,( 2.28),,2026-04-13,0
2026-04-10,1442,31037573, 100.00, 0.00, 100.00, 100.00,( 1.10), 0.00, 98.72,7464542802,7464542802,,1,2026-04-15,BOLICHE,( 0.18),,2026-04-10,0
2026-04-10,1443,31037573," 6,296.09", 0.00," 6,296.09"," 6,296.09",( 69.26), 0.00," 6,215.75",7464542802,7464542802,,6,2026-04-15,BOLICHE,( 11.08),,2026-04-10,0
2026-04-10,1444,31037573," 4,874.05", 0.00," 4,874.05"," 4,874.05",( 53.61), 0.00," 4,811.86",7464542802,7464542802,,6,2026-04-15,BOLICHE,( 8.58),,2026-04-11,0
2026-04-11,1445,31037573," 3,656.24", 0.00," 3,656.24"," 3,656.24",( 40.22), 0.00," 3,609.59",7464542802,7464542802,,3,2026-04-15,BOLICHE,( 6.43),,2026-04-11,0
2026-04-11,1446,31037573," 3,254.62", 0.00," 3,254.62"," 3,254.62",( 35.80), 0.00," 3,213.09",7464542802,7464542802,,4,2026-04-15,BOLICHE,( 5.73),,2026-04-12,0
2026-04-12,1447,31037573," 1,840.08", 0.00," 1,840.08"," 1,840.08",( 20.24), 0.00," 1,816.60",7464542802,7464542802,,2,2026-04-15,BOLICHE,( 3.24),,2026-04-12,0
2026-04-12,1448,31037573," 1,748.07", 0.00," 1,748.07"," 1,748.07",( 19.23), 0.00," 1,725.76",7464542802,7464542802,,2,2026-04-15,BOLICHE,( 3.08),,2026-04-13,0
2026-04-12,45,31039437," 1,129.45", 0.00," 1,129.45"," 1,129.45",( 12.42), 0.00," 1,115.04",7469546899,7469546899,,1,2026-04-15,PUERTO REAL,( 1.99),,2026-04-12,0
2026-04-10,23,31039438," 2,888.38", 0.00," 2,888.38"," 2,888.38",( 31.77), 0.00," 2,851.53",7469546923,7469546923,,2,2026-04-15,CASTAMAY,( 5.08),,2026-04-10,0
2026-04-09,53,51031863, 585.90, 0.00, 585.90, 585.90,( 6.44), 0.00, 578.43,8487957920,8487957920,,2,2026-04-15,KANISTE,( 1.03),,2026-04-10,0
2026-04-10,54,51031863, 750.00, 0.00, 750.00, 750.00,( 8.25), 0.00, 740.43,8487957920,8487957920,,3,2026-04-15,KANISTE,( 1.32),,2026-04-11,0
2026-04-11,55,51031863," 2,047.67", 0.00," 2,047.67"," 2,047.67",( 22.52), 0.00," 2,021.55",8487957920,8487957920,,2,2026-04-15,KANISTE,( 3.60),,2026-04-11,0
2026-04-12,56,51031863," 2,688.91", 0.00," 2,688.91"," 2,688.91",( 29.58), 0.00," 2,654.60",8487957920,8487957920,,3,2026-04-15,KANISTE,( 4.73),,2026-04-12,0
2026-04-09,111,51031864, 500.00, 0.00, 500.00, 500.00,( 5.50), 0.00, 493.62,8487957953,8487957953,,1,2026-04-15,CHAMPOTON 2,( 0.88),,2026-04-10,0
2026-04-11,44,51031865, 932.00, 0.00, 932.00, 932.00,( 10.25), 0.00, 920.11,8487957995,8487957995,,1,2026-04-15,SABANCUY,( 1.64),,2026-04-11,0
2026-04-11,12,51031903, 300.00, 0.00, 300.00, 300.00,( 3.30), 0.00, 296.17,8488075847,8488075847,,1,2026-04-15,HEROES,( 0.53),,2026-04-11,0
2026-04-09,83,51031904, 298.96, 0.00, 298.96, 298.96,( 3.29), 0.00, 295.14,8488075888,8488075888,,1,2026-04-15,NOVIA DEL MAR,( 0.53),,2026-04-10,0
2026-04-10,84,51031904, 857.70, 0.00, 857.70, 857.70,( 9.43), 0.00, 846.76,8488075888,8488075888,,1,2026-04-15,NOVIA DEL MAR,( 1.51),,2026-04-10,0
2026-04-10,85,51031904," 3,000.97", 0.00," 3,000.97"," 3,000.97",( 33.01), 0.00," 2,962.68",8488075888,8488075888,,4,2026-04-15,NOVIA DEL MAR,( 5.28),,2026-04-11,0
2026-04-11,86,51031904," 2,823.70", 0.00," 2,823.70"," 2,823.70",( 31.06), 0.00," 2,787.67",8488075888,8488075888,,3,2026-04-15,NOVIA DEL MAR,( 4.97),,2026-04-11,0
2026-04-11,87,51031904, 479.80, 0.00, 479.80, 479.80,( 5.28), 0.00, 473.68,8488075888,8488075888,,1,2026-04-15,NOVIA DEL MAR,( 0.84),,2026-04-12,0
2026-04-12,88,51031904, 959.60, 0.00, 959.60, 959.60,( 10.56), 0.00, 947.35,8488075888,8488075888,,1,2026-04-15,NOVIA DEL MAR,( 1.69),,2026-04-12,0
2026-04-12,89,51031904, 820.06, 0.00, 820.06, 820.06,( 9.02), 0.00, 809.60,8488075888,8488075888,,1,2026-04-15,NOVIA DEL MAR,( 1.44),,2026-04-12,0
2026-04-11,223,51031906, 800.00, 0.00, 800.00, 800.00,( 8.80), 0.00, 789.79,8488076035,8488076035,,1,2026-04-15,BENITO,( 1.41),,2026-04-11,0
2026-04-09,79,51032184," 1,439.40", 0.00," 1,439.40"," 1,439.40",( 15.83), 0.00," 1,421.04",8489189027,8489189027,,1,2026-04-15,AVENIDA CENTRAL,( 2.53),,2026-04-10,0
2026-04-11,41,51032185, 743.23, 0.00, 743.23, 743.23,( 8.18), 0.00, 733.74,8489189068,8489189068,,2,2026-04-15,SUBTENIENTE,( 1.31),,2026-04-11,0
2026-04-09,31,51032186," 1,000.00", 0.00," 1,000.00"," 1,000.00",( 11.00), 0.00, 987.24,8489189142,8489189142,,1,2026-04-15,CASA DE JUSTICIA,( 1.76),,2026-04-10,0
2026-04-10,133,51032210," 1,879.81", 0.00," 1,879.81"," 1,879.81",( 20.68), 0.00," 1,855.82",8489278671,8489278671,,3,2026-04-15,KIN HA,( 3.31),,2026-04-10,0
2026-04-11,134,51032210, 120.00, 0.00, 120.00, 120.00,( 1.32), 0.00, 118.47,8489278671,8489278671,,1,2026-04-15,KIN HA,( 0.21),,2026-04-12,0
2026-04-09,355,51032211," 1,016.91", 0.00," 1,016.91"," 1,016.91",( 11.19), 0.00," 1,003.93",8489278820,8489278820,,1,2026-04-15,FRONTERA,( 1.79),,2026-04-10,0
2026-04-11,356,51032211," 1,041.28", 0.00," 1,041.28"," 1,041.28",( 11.45), 0.00," 1,028.00",8489278820,8489278820,,1,2026-04-15,FRONTERA,( 1.83),,2026-04-11,0
2026-04-11,357,51032211, 700.92, 0.00, 700.92, 700.92,( 7.71), 0.00, 691.98,8489278820,8489278820,,1,2026-04-15,FRONTERA,( 1.23),,2026-04-12,0
2026-04-08,1439,31006451," 7,833.50", 0.00," 7,833.50"," 7,833.50",( 86.17), 0.00," 7,733.54",7464542802,7464542802,,8,2026-04-14,BOLICHE,( 13.79),,2026-04-09,0
2026-04-09,1440,31006451," 5,924.97", 0.00," 5,924.97"," 5,924.97",( 65.17), 0.00," 5,849.37",7464542802,7464542802,,4,2026-04-14,BOLICHE,( 10.43),,2026-04-09,0
2026-04-09,1441,31006451," 2,293.67", 0.00," 2,293.67"," 2,293.67",( 25.23), 0.00," 2,264.40",7464542802,7464542802,,4,2026-04-14,BOLICHE,( 4.04),,2026-04-10,0
2026-04-08,103,31008051," 1,451.43", 0.00," 1,451.43"," 1,451.43",( 15.97), 0.00," 1,432.91",7469540645,7469540645,,1,2026-04-14,CHAMPOTON MALECON,( 2.55),,2026-04-09,0
2026-04-09,104,31008051, 858.16, 0.00, 858.16, 858.16,( 9.44), 0.00, 847.21,7469540645,7469540645,,1,2026-04-14,CHAMPOTON MALECON,( 1.51),,2026-04-09,0
2026-04-09,52,41008046, 50.00, 0.00, 50.00, 50.00,( 0.55), 0.00, 49.36,8487957920,8487957920,,1,2026-04-14,KANISTE,( 0.09),,2026-04-09,0
2026-04-08,10,41008063," 2,554.52", 0.00," 2,554.52"," 2,554.52",( 28.10), 0.00," 2,521.92",8488075847,8488075847,,1,2026-04-14,HEROES,( 4.50),,2026-04-09,0
2026-04-09,11,41008063, 500.00, 0.00, 500.00, 500.00,( 5.50), 0.00, 493.62,8488075847,8488075847,,1,2026-04-14,HEROES,( 0.88),,2026-04-10,0
2026-04-08,81,41008064," 4,951.82", 0.00," 4,951.82"," 4,951.82",( 54.47), 0.00," 4,888.63",8488075888,8488075888,,4,2026-04-14,NOVIA DEL MAR,( 8.72),,2026-04-09,0
2026-04-09,82,41008064," 1,076.67", 0.00," 1,076.67"," 1,076.67",( 11.84), 0.00," 1,062.94",8488075888,8488075888,,1,2026-04-14,NOVIA DEL MAR,( 1.89),,2026-04-09,0
2026-04-09,107,41008066," 1,018.92", 0.00," 1,018.92"," 1,018.92",( 11.21), 0.00," 1,005.92",8488075995,8488075995,,1,2026-04-14,CHETUMAL PLAZA,( 1.79),,2026-04-09,0
2026-04-09,78,41008271," 2,697.48", 0.00," 2,697.48"," 2,697.48",( 29.67), 0.00," 2,663.06",8489189027,8489189027,,2,2026-04-14,AVENIDA CENTRAL,( 4.75),,2026-04-09,0
2026-04-09,30,41008272, 799.63, 0.00, 799.63, 799.63,( 8.80), 0.00, 789.42,8489189142,8489189142,,1,2026-04-14,CASA DE JUSTICIA,( 1.41),,2026-04-09,0
2026-04-08,1438,30997185," 1,704.50", 0.00," 1,704.50"," 1,704.50",( 18.75), 0.00," 1,682.75",7464542802,7464542802,,2,2026-04-13,BOLICHE,( 3.00),,2026-04-08,0
2026-04-08,102,30998923," 1,532.12", 0.00," 1,532.12"," 1,532.12",( 16.85), 0.00," 1,512.57",7469540645,7469540645,,2,2026-04-13,CHAMPOTON MALECON,( 2.70),,2026-04-08,0
2026-04-07,22,30998954," 1,208.55", 0.00," 1,208.55"," 1,208.55",( 13.29), 0.00," 1,193.13",7469546923,7469546923,,1,2026-04-13,CASTAMAY,( 2.13),,2026-04-08,0
2026-04-07,51,50990778," 1,445.40", 0.00," 1,445.40"," 1,445.40",( 15.90), 0.00," 1,426.96",8487957920,8487957920,,1,2026-04-13,KANISTE,( 2.54),,2026-04-08,0
2026-04-08,110,50990779, 400.35, 0.00, 400.35, 400.35,( 4.40), 0.00, 395.25,8487957953,8487957953,,1,2026-04-13,CHAMPOTON 2,( 0.70),,2026-04-08,0
2026-04-08,9,50990797, 500.00, 0.00, 500.00, 500.00,( 5.50), 0.00, 493.62,8488075847,8488075847,,1,2026-04-13,HEROES,( 0.88),,2026-04-08,0
2026-04-07,80,50990798," 5,611.73", 0.00," 5,611.73"," 5,611.73",( 61.73), 0.00," 5,540.12",8488075888,8488075888,,5,2026-04-13,NOVIA DEL MAR,( 9.88),,2026-04-08,0
2026-04-08,12,50990799," 1,555.27", 0.00," 1,555.27"," 1,555.27",( 17.11), 0.00," 1,535.42",8488075961,8488075961,,3,2026-04-13,ESCARGECA,( 2.74),,2026-04-08,0
2026-04-08,106,50990801, 500.00, 0.00, 500.00, 500.00,( 5.50), 0.00, 493.62,8488075995,8488075995,,1,2026-04-13,CHETUMAL PLAZA,( 0.88),,2026-04-08,0
2026-04-08,222,50990802, 400.00, 0.00, 400.00, 400.00,( 4.40), 0.00, 394.90,8488076035,8488076035,,1,2026-04-13,BENITO,( 0.70),,2026-04-08,0
2026-04-07,1436,30986482," 3,573.13", 0.00," 3,573.13"," 3,573.13",( 39.30), 0.00," 3,527.54",7464542802,7464542802,,3,2026-04-10,BOLICHE,( 6.29),,2026-04-07,0
2026-04-07,1437,30986482," 4,121.65", 0.00," 4,121.65"," 4,121.65",( 45.34), 0.00," 4,069.06",7464542802,7464542802,,5,2026-04-10,BOLICHE,( 7.25),,2026-04-08,0
2026-04-06,100,30988107," 1,332.08", 0.00," 1,332.08"," 1,332.08",( 14.65), 0.00," 1,315.09",7469540645,7469540645,,2,2026-04-10,CHAMPOTON MALECON,( 2.34),,2026-04-07,0
2026-04-07,101,30988107," 1,180.37", 0.00," 1,180.37"," 1,180.37",( 12.98), 0.00," 1,165.31",7469540645,7469540645,,1,2026-04-10,CHAMPOTON MALECON,( 2.08),,2026-04-07,0
2026-04-07,44,30988134," 2,663.89", 0.00," 2,663.89"," 2,663.89",( 29.30), 0.00," 2,629.90",7469546899,7469546899,,3,2026-04-10,PUERTO REAL,( 4.69),,2026-04-07,0
2026-04-06,50,40988159, 963.60, 0.00, 963.60, 963.60,( 10.60), 0.00, 951.30,8487957920,8487957920,,1,2026-04-10,KANISTE,( 1.70),,2026-04-07,0
2026-04-07,43,40988160," 1,584.00", 0.00," 1,584.00"," 1,584.00",( 17.42), 0.00," 1,563.79",8487957995,8487957995,,1,2026-04-10,SABANCUY,( 2.79),,2026-04-07,0
2026-04-06,78,40988177," 2,800.00", 0.00," 2,800.00"," 2,800.00",( 30.80), 0.00," 2,764.27",8488075888,8488075888,,4,2026-04-10,NOVIA DEL MAR,( 4.93),,2026-04-07,0
2026-04-07,79,40988177, 500.00, 0.00, 500.00, 500.00,( 5.50), 0.00, 493.62,8488075888,8488075888,,1,2026-04-10,NOVIA DEL MAR,( 0.88),,2026-04-07,0
2026-04-06,105,40988179," 1,576.19", 0.00," 1,576.19"," 1,576.19",( 17.34), 0.00," 1,556.08",8488075995,8488075995,,1,2026-04-10,CHETUMAL PLAZA,( 2.77),,2026-04-07,0
2026-04-06,221,40988180," 1,046.80", 0.00," 1,046.80"," 1,046.80",( 11.51), 0.00," 1,033.45",8488076035,8488076035,,2,2026-04-10,BENITO,( 1.84),,2026-04-07,0
2026-04-07,40,40988403," 1,103.95", 0.00," 1,103.95"," 1,103.95",( 12.14), 0.00," 1,089.87",8489189068,8489189068,,1,2026-04-10,SUBTENIENTE,( 1.94),,2026-04-07,0
2026-04-06,353,40988422, 655.08, 0.00, 655.08, 655.08,( 7.21), 0.00, 646.72,8489278820,8489278820,,1,2026-04-10,FRONTERA,( 1.15),,2026-04-07,0
2026-04-07,354,40988422," 30,000.00", 0.00," 30,000.00"," 30,000.00",( 330.00), 0.00," 29,617.20",8489278820,8489278820,,1,2026-04-10,FRONTERA,( 52.80),,2026-04-07,0
2026-04-06,1434,30976521," 7,853.28", 0.00," 7,853.28"," 7,853.28",( 86.39), 0.00," 7,753.07",7464542802,7464542802,,8,2026-04-09,BOLICHE,( 13.82),,2026-04-06,0
2026-04-06,1435,30976521," 5,402.46", 0.00," 5,402.46"," 5,402.46",( 59.43), 0.00," 5,333.52",7464542802,7464542802,,7,2026-04-09,BOLICHE,( 9.51),,2026-04-07,0
2026-04-06,99,30978144, 575.93, 0.00, 575.93, 575.93,( 6.34), 0.00, 568.58,7469540645,7469540645,,1,2026-04-09,CHAMPOTON MALECON,( 1.01),,2026-04-06,0
2026-04-05,49,40978269," 1,194.56", 0.00," 1,194.56"," 1,194.56",( 13.14), 0.00," 1,179.32",8487957920,8487957920,,1,2026-04-09,KANISTE,( 2.10),,2026-04-06,0
2026-04-06,109,40978270, 750.22, 0.00, 750.22, 750.22,( 8.25), 0.00, 740.65,8487957953,8487957953,,1,2026-04-09,CHAMPOTON 2,( 1.32),,2026-04-06,0
2026-04-05,77,40978286," 2,420.30", 0.00," 2,420.30"," 2,420.30",( 26.62), 0.00," 2,389.42",8488075888,8488075888,,2,2026-04-09,NOVIA DEL MAR,( 4.26),,2026-04-06,0
2026-04-06,104,40978288," 1,291.45", 0.00," 1,291.45"," 1,291.45",( 14.21), 0.00," 1,274.97",8488075995,8488075995,,1,2026-04-09,CHETUMAL PLAZA,( 2.27),,2026-04-06,0
2026-04-05,220,40978289, 755.69, 0.00, 755.69, 755.69,( 8.31), 0.00, 746.05,8488076035,8488076035,,1,2026-04-09,BENITO,( 1.33),,2026-04-06,0
2026-04-06,77,40978507," 1,270.23", 0.00," 1,270.23"," 1,270.23",( 13.97), 0.00," 1,254.02",8489189027,8489189027,,1,2026-04-09,AVENIDA CENTRAL,( 2.24),,2026-04-07,0
2026-04-06,39,40978508," 1,111.29", 0.00," 1,111.29"," 1,111.29",( 12.22), 0.00," 1,097.11",8489189068,8489189068,,1,2026-04-09,SUBTENIENTE,( 1.96),,2026-04-06,0
2026-04-06,29,40978509, 973.63, 0.00, 973.63, 973.63,( 10.71), 0.00, 961.21,8489189142,8489189142,,1,2026-04-09,CASA DE JUSTICIA,( 1.71),,2026-04-06,0
2026-04-01,1424,40961234," 1,143.71", 0.00," 1,143.71"," 1,143.71",( 12.58), 0.00," 1,129.12",7464542802,7464542802,,1,2026-04-08,BOLICHE,( 2.01),,2026-04-01,0
2026-04-01,1425,40961234," 6,725.79", 0.00," 6,725.79"," 6,725.79",( 73.98), 0.00," 6,639.97",7464542802,7464542802,,6,2026-04-08,BOLICHE,( 11.84),,2026-04-01,0
2026-04-01,1426,40961234," 4,840.51", 0.00," 4,840.51"," 4,840.51",( 53.25), 0.00," 4,778.74",7464542802,7464542802,,5,2026-04-08,BOLICHE,( 8.52),,2026-04-02,0
2026-04-02,1427,40961234, 750.00, 0.00, 750.00, 750.00,( 8.25), 0.00, 740.43,7464542802,7464542802,,1,2026-04-08,BOLICHE,( 1.32),,2026-04-02,0
2026-04-02,1428,40961234," 1,905.55", 0.00," 1,905.55"," 1,905.55",( 20.96), 0.00," 1,881.24",7464542802,7464542802,,1,2026-04-08,BOLICHE,( 3.35),,2026-04-02,0
2026-04-02,1429,40961234," 2,999.97", 0.00," 2,999.97"," 2,999.97",( 33.00), 0.00," 2,961.69",7464542802,7464542802,,3,2026-04-08,BOLICHE,( 5.28),,2026-04-03,0
2026-04-03,1430,40961234, 700.00, 0.00, 700.00, 700.00,( 7.70), 0.00, 691.07,7464542802,7464542802,,1,2026-04-08,BOLICHE,( 1.23),,2026-04-03,0
2026-04-03,1431,40961234, 350.00, 0.00, 350.00, 350.00,( 3.85), 0.00, 345.53,7464542802,7464542802,,1,2026-04-08,BOLICHE,( 0.62),,2026-04-03,0
2026-04-03,1432,40961234," 3,438.82", 0.00," 3,438.82"," 3,438.82",( 37.83), 0.00," 3,394.94",7464542802,7464542802,,5,2026-04-08,BOLICHE,( 6.05),,2026-04-04,0
2026-04-04,1433,40961234," 3,120.25", 0.00," 3,120.25"," 3,120.25",( 34.32), 0.00," 3,080.44",7464542802,7464542802,,3,2026-04-08,BOLICHE,( 5.49),,2026-04-04,0
2026-04-01,95,40964104," 1,000.00", 0.00," 1,000.00"," 1,000.00",( 11.00), 0.00, 987.24,7469540645,7469540645,,1,2026-04-08,CHAMPOTON MALECON,( 1.76),,2026-04-02,0
2026-04-02,96,40964104, 400.70, 0.00, 400.70, 400.70,( 4.41), 0.00, 395.58,7469540645,7469540645,,1,2026-04-08,CHAMPOTON MALECON,( 0.71),,2026-04-02,0
2026-04-03,97,40964104, 855.63, 0.00, 855.63, 855.63,( 9.41), 0.00, 844.71,7469540645,7469540645,,1,2026-04-08,CHAMPOTON MALECON,( 1.51),,2026-04-03,0
2026-04-04,98,40964104," 1,927.95", 0.00," 1,927.95"," 1,927.95",( 21.21), 0.00," 1,903.35",7469540645,7469540645,,2,2026-04-08,CHAMPOTON MALECON,( 3.39),,2026-04-04,0
2026-04-02,43,40964154, 676.88, 0.00, 676.88, 676.88,( 7.45), 0.00, 668.24,7469546899,7469546899,,1,2026-04-08,PUERTO REAL,( 1.19),,2026-04-02,0
2026-04-02,46,60962073," 1,363.73", 0.00," 1,363.73"," 1,363.73",( 15.00), 0.00," 1,346.33",8487957920,8487957920,,2,2026-04-08,KANISTE,( 2.40),,2026-04-03,0
2026-04-04,47,60962073, 600.00, 0.00, 600.00, 600.00,( 6.60), 0.00, 592.34,8487957920,8487957920,,1,2026-04-08,KANISTE,( 1.06),,2026-04-04,0
2026-04-05,48,60962073," 1,319.49", 0.00," 1,319.49"," 1,319.49",( 14.51), 0.00," 1,302.66",8487957920,8487957920,,1,2026-04-08,KANISTE,( 2.32),,2026-04-05,0
2026-04-01,104,60962074, 917.40, 0.00, 917.40, 917.40,( 10.09), 0.00, 905.70,8487957953,8487957953,,1,2026-04-08,CHAMPOTON 2,( 1.61),,2026-04-02,0
2026-04-02,105,60962074, 700.25, 0.00, 700.25, 700.25,( 7.70), 0.00, 691.32,8487957953,8487957953,,1,2026-04-08,CHAMPOTON 2,( 1.23),,2026-04-02,0
2026-04-02,106,60962074," 1,000.00", 0.00," 1,000.00"," 1,000.00",( 11.00), 0.00, 987.24,8487957953,8487957953,,1,2026-04-08,CHAMPOTON 2,( 1.76),,2026-04-02,0
2026-04-02,107,60962074," 2,000.00", 0.00," 2,000.00"," 2,000.00",( 22.00), 0.00," 1,974.48",8487957953,8487957953,,1,2026-04-08,CHAMPOTON 2,( 3.52),,2026-04-03,0
2026-04-03,108,60962074," 1,556.24", 0.00," 1,556.24"," 1,556.24",( 17.12), 0.00," 1,536.38",8487957953,8487957953,,1,2026-04-08,CHAMPOTON 2,( 2.74),,2026-04-03,0
2026-04-01,69,60962128," 2,015.37", 0.00," 2,015.37"," 2,015.37",( 22.17), 0.00," 1,989.65",8488075888,8488075888,,2,2026-04-08,NOVIA DEL MAR,( 3.55),,2026-04-01,0
2026-04-01,70,60962128, 719.70, 0.00, 719.70, 719.70,( 7.92), 0.00, 710.51,8488075888,8488075888,,1,2026-04-08,NOVIA DEL MAR,( 1.27),,2026-04-02,0
2026-04-02,71,60962128," 2,652.84", 0.00," 2,652.84"," 2,652.84",( 29.18), 0.00," 2,618.99",8488075888,8488075888,,2,2026-04-08,NOVIA DEL MAR,( 4.67),,2026-04-03,0
2026-04-03,72,60962128," 1,504.22", 0.00," 1,504.22"," 1,504.22",( 16.55), 0.00," 1,485.02",8488075888,8488075888,,2,2026-04-08,NOVIA DEL MAR,( 2.65),,2026-04-03,0
2026-04-03,73,60962128, 959.60, 0.00, 959.60, 959.60,( 10.56), 0.00, 947.35,8488075888,8488075888,,1,2026-04-08,NOVIA DEL MAR,( 1.69),,2026-04-04,0
2026-04-04,74,60962128," 2,956.24", 0.00," 2,956.24"," 2,956.24",( 32.52), 0.00," 2,918.52",8488075888,8488075888,,3,2026-04-08,NOVIA DEL MAR,( 5.20),,2026-04-04,0
2026-04-04,75,60962128," 1,300.47", 0.00," 1,300.47"," 1,300.47",( 14.31), 0.00," 1,283.87",8488075888,8488075888,,1,2026-04-08,NOVIA DEL MAR,( 2.29),,2026-04-05,0
2026-04-05,76,60962128," 1,282.47", 0.00," 1,282.47"," 1,282.47",( 14.11), 0.00," 1,266.10",8488075888,8488075888,,2,2026-04-08,NOVIA DEL MAR,( 2.26),,2026-04-05,0
2026-04-02,11,60962129," 4,018.25", 0.00," 4,018.25"," 4,018.25",( 44.20), 0.00," 3,966.98",8488075961,8488075961,,5,2026-04-08,ESCARGECA,( 7.07),,2026-04-02,0
2026-04-01,100,60962131," 3,822.75", 0.00," 3,822.75"," 3,822.75",( 42.05), 0.00," 3,773.97",8488075995,8488075995,,3,2026-04-08,CHETUMAL PLAZA,( 6.73),,2026-04-01,0
2026-04-01,101,60962131," 1,476.08", 0.00," 1,476.08"," 1,476.08",( 16.24), 0.00," 1,457.24",8488075995,8488075995,,1,2026-04-08,CHETUMAL PLAZA,( 2.60),,2026-04-02,0
2026-04-04,102,60962131, 300.00, 0.00, 300.00, 300.00,( 3.30), 0.00, 296.17,8488075995,8488075995,,1,2026-04-08,CHETUMAL PLAZA,( 0.53),,2026-04-04,0
2026-04-05,103,60962131," 1,621.58", 0.00," 1,621.58"," 1,621.58",( 17.84), 0.00," 1,600.89",8488075995,8488075995,,2,2026-04-08,CHETUMAL PLAZA,( 2.85),,2026-04-05,0
2026-04-01,216,60962132, 722.75, 0.00, 722.75, 722.75,( 7.95), 0.00, 713.53,8488076035,8488076035,,1,2026-04-08,BENITO,( 1.27),,2026-04-01,0
2026-04-01,217,60962132," 1,000.00", 0.00," 1,000.00"," 1,000.00",( 11.00), 0.00, 987.24,8488076035,8488076035,,1,2026-04-08,BENITO,( 1.76),,2026-04-02,0
2026-04-03,218,60962132," 1,679.41", 0.00," 1,679.41"," 1,679.41",( 18.47), 0.00," 1,657.98",8488076035,8488076035,,1,2026-04-08,BENITO,( 2.96),,2026-04-03,0
2026-04-04,219,60962132, 270.00, 0.00, 270.00, 270.00,( 2.97), 0.00, 266.55,8488076035,8488076035,,1,2026-04-08,BENITO,( 0.48),,2026-04-05,0
2026-04-02,75,60962552," 1,762.69", 0.00," 1,762.69"," 1,762.69",( 19.39), 0.00," 1,740.20",8489189027,8489189027,,2,2026-04-08,AVENIDA CENTRAL,( 3.10),,2026-04-02,0
2026-04-04,76,60962552, 239.90, 0.00, 239.90, 239.90,( 2.64), 0.00, 236.84,8489189027,8489189027,,1,2026-04-08,AVENIDA CENTRAL,( 0.42),,2026-04-04,0
2026-04-01,36,60962553," 5,483.01", 0.00," 5,483.01"," 5,483.01",( 60.31), 0.00," 5,413.05",8489189068,8489189068,,6,2026-04-08,SUBTENIENTE,( 9.65),,2026-04-02,0
2026-04-02,37,60962553," 3,000.00", 0.00," 3,000.00"," 3,000.00",( 33.00), 0.00," 2,961.72",8489189068,8489189068,,4,2026-04-08,SUBTENIENTE,( 5.28),,2026-04-03,0
2026-04-03,38,60962553, 821.73, 0.00, 821.73, 821.73,( 9.04), 0.00, 811.24,8489189068,8489189068,,1,2026-04-08,SUBTENIENTE,( 1.45),,2026-04-04,0
2026-04-01,27,60962554, 500.00, 0.00, 500.00, 500.00,( 5.50), 0.00, 493.62,8489189142,8489189142,,1,2026-04-08,CASA DE JUSTICIA,( 0.88),,2026-04-02,0
2026-04-03,28,60962554, 807.92, 0.00, 807.92, 807.92,( 8.89), 0.00, 797.61,8489189142,8489189142,,1,2026-04-08,CASA DE JUSTICIA,( 1.42),,2026-04-03,0
2026-04-04,14,60962613," 1,129.56", 0.00," 1,129.56"," 1,129.56",( 12.43), 0.00," 1,115.14",8489278630,8489278630,,2,2026-04-08,HOPELCHEN,( 1.99),,2026-04-04,0
2026-04-02,131,60962614," 1,837.02", 0.00," 1,837.02"," 1,837.02",( 20.21), 0.00," 1,813.58",8489278671,8489278671,,3,2026-04-08,KIN HA,( 3.23),,2026-04-03,0
2026-04-03,132,60962614, 500.00, 0.00, 500.00, 500.00,( 5.50), 0.00, 493.62,8489278671,8489278671,,1,2026-04-08,KIN HA,( 0.88),,2026-04-03,0
2026-04-01,348,60962615," 1,805.14", 0.00," 1,805.14"," 1,805.14",( 19.86), 0.00," 1,782.10",8489278820,8489278820,,1,2026-04-08,FRONTERA,( 3.18),,2026-04-02,0
2026-04-02,349,60962615," 3,400.44", 0.00," 3,400.44"," 3,400.44",( 37.40), 0.00," 3,357.06",8489278820,8489278820,,2,2026-04-08,FRONTERA,( 5.98),,2026-04-02,0
2026-04-02,350,60962615," 3,030.59", 0.00," 3,030.59"," 3,030.59",( 33.34), 0.00," 2,991.92",8489278820,8489278820,,2,2026-04-08,FRONTERA,( 5.33),,2026-04-03,0
2026-04-03,351,60962615, 70.00, 0.00, 70.00, 70.00,( 0.77), 0.00, 69.11,8489278820,8489278820,,1,2026-04-08,FRONTERA,( 0.12),,2026-04-04,0
2026-04-05,352,60962615, 479.80, 0.00, 479.80, 479.80,( 5.28), 0.00, 473.68,8489278820,8489278820,,1,2026-04-08,FRONTERA,( 0.84),,2026-04-05,0
